Timeline,Start time,Duration,Row,Instance number,Away OpenPlay,Away Standards,Corner,Final Third,Free Kick,Goal Kick,Home OpenPlay,Home Standards,Players,Quality,Shot,Time,X,Y,ZONE,Ungrouped,Notes,Flags
Norge - Tyrkia - Angle 1,154.628958079,1.0,ROMANIA U16   HEATMAP:  HOME GAME,1,,,,,,,Positional,,,,,,25,58,,,,
Norge - Tyrkia - Angle 1,194.316470349,1.0,ROMANIA U16   HEATMAP:  HOME GAME,2,,,,,,,Transition,,,,,,37,50,,,,
Norge - Tyrkia - Angle 1,221.756674566,1.0,ROMANIA U16   HEATMAP:  HOME GAME,3,,,,,,,Transition,,,,,,65,52,,,,
Norge - Tyrkia - Angle 1,241.199110533,1.0,ROMANIA U16   HEATMAP:  HOME GAME,4,,,,,,,Transition,,,,,,38,10,,,,
Norge - Tyrkia - Angle 1,396.326196782,1.0,ROMANIA U16   HEATMAP:  HOME GAME,5,,,,,,,Transition,,,,,,33,10,,,,
Norge - Tyrkia - Angle 1,464.090633958,1.0,ROMANIA U16   HEATMAP:  HOME GAME,6,,,,,,,Positional,,,,,,80,8,,,,
Norge - Tyrkia - Angle 1,547.854037198,1.0,ROMANIA U16   HEATMAP:  HOME GAME,7,,,,,,,Transition,,,,,,80,59,,,,
Norge - Tyrkia - Angle 1,585.374882572,1.0,ROMANIA U16   HEATMAP:  HOME GAME,8,,,,,,,Positional,,,,,,76,34,,,,
Norge - Tyrkia - Angle 1,629.872923247,1.0,ROMANIA U16   HEATMAP:  HOME GAME,9,,,,,,,Positional,,,,,,89,61,,,,
Norge - Tyrkia - Angle 1,680.176945418,1.0,ROMANIA U16   HEATMAP:  HOME GAME,10,,,,,,,Transition,,,,,,64,44,,,,
Norge - Tyrkia - Angle 1,781.007462103,1.0,ROMANIA U16   HEATMAP:  HOME GAME,11,,,,,,,Transition,,,,,,29,8,,,,
Norge - Tyrkia - Angle 1,853.814831058,1.0,ROMANIA U16   HEATMAP:  HOME GAME,12,,,,,,,Positional,,,,,,78,53,,,,
Norge - Tyrkia - Angle 1,1080.241426845,1.0,ROMANIA U16   HEATMAP:  HOME GAME,13,,,,,,,Transition,,,,,,81,58,,,,
Norge - Tyrkia - Angle 1,1114.630780343,1.0,ROMANIA U16   HEATMAP:  HOME GAME,14,,,,,,,Positional,,,,,,70,44,,,,
Norge - Tyrkia - Angle 1,1374.141307916,1.0,ROMANIA U16   HEATMAP:  HOME GAME,15,,,,,,,Positional,,,,,,73,4,,,,
Norge - Tyrkia - Angle 1,1698.160214496,1.0,ROMANIA U16   HEATMAP:  HOME GAME,16,,,,,,,Positional,,,,,,79,62,,,,
Norge - Tyrkia - Angle 1,1807.688174593,1.0,ROMANIA U16   HEATMAP:  HOME GAME,17,,,,,,,Positional,,,,,,84,8,,,,
Norge - Tyrkia - Angle 1,1878.00009005,1.0,ROMANIA U16   HEATMAP:  HOME GAME,18,,,,,,,Transition,,,,,,72,47,,,,
Norge - Tyrkia - Angle 1,1979.181228365,1.0,ROMANIA U16   HEATMAP:  HOME GAME,19,,,,,,,Positional,,,,,,85,60,,,,
Norge - Tyrkia - Angle 1,2102.306191387,1.0,ROMANIA U16   HEATMAP:  HOME GAME,20,,,,,,,Positional,,,,,,75,13,,,,
Norge - Tyrkia - Angle 1,2119.206309849,1.0,ROMANIA U16   HEATMAP:  HOME GAME,21,,,,,,,Positional,,,,,,86,49,,,,
Norge - Tyrkia - Angle 1,2397.333649342,1.0,ROMANIA U16   HEATMAP:  HOME GAME,22,,,,,,,Transition,,,,,,33,6,,,,
Norge - Tyrkia - Angle 1,2426.766696534,1.0,ROMANIA U16   HEATMAP:  HOME GAME,23,,,,,,,Positional,,,,,,73,57,,,,
Norge - Tyrkia - Angle 1,2511.428082377,1.0,ROMANIA U16   HEATMAP:  HOME GAME,24,,,,,,,Positional,,,,,,81,49,,,,
Norge - Tyrkia - Angle 1,2628.61961214,1.0,ROMANIA U16   HEATMAP:  HOME GAME,25,,,,,,,Positional,,,,,,75,15,,,,
Norge - Tyrkia - Angle 1,2790.556865388,1.0,ROMANIA U16   HEATMAP:  HOME GAME,26,,,,,,,Positional,,,,,,73,17,,,,
Norge - Tyrkia - Angle 1,3575.047423302,1.0,ROMANIA U16   HEATMAP:  HOME GAME,27,,,,,,,Positional,,,,,,71,11,,,,
Norge - Tyrkia - Angle 1,3594.829985007,1.0,ROMANIA U16   HEATMAP:  HOME GAME,28,,,,,,,Transition,,,,,,74,31,,,,
Norge - Tyrkia - Angle 1,4328.237571022,1.0,ROMANIA U16   HEATMAP:  HOME GAME,29,,,,,,,Positional,,,,,,92,8,,,,
Norge - Tyrkia - Angle 1,4830.605562618,1.0,ROMANIA U16   HEATMAP:  HOME GAME,30,,,,,,,Transition,,,,,,35,57,,,,
Norge - Tyrkia - Angle 1,5035.208884009,1.0,ROMANIA U16   HEATMAP:  HOME GAME,31,,,,,,,Positional,,,,,,74,58,,,,
Norge - Tyrkia - Angle 1,5072.401082134,1.0,ROMANIA U16   HEATMAP:  HOME GAME,32,,,,,,,Positional,,,,,,86,7,,,,
Norge - Tyrkia - Angle 1,5334.908165557,1.0,ROMANIA U16   HEATMAP:  HOME GAME,33,,,,,,,Positional,,,,,,71,7,,,,
Norge - Tyrkia - Angle 1,5656.323358569,1.0,ROMANIA U16   HEATMAP:  HOME GAME,34,,,,,,,Positional,,,,,,74,12,,,,
Norge - Tyrkia - Angle 1,5711.39495335,1.0,ROMANIA U16   HEATMAP:  HOME GAME,35,,,,,,,Positional,,,,,,81,63,,,,
Norge - Tyrkia - Angle 1,5757.915866895,1.0,ROMANIA U16   HEATMAP:  HOME GAME,36,,,,,,,Positional,,,,,,80,9,,,,
Norge - Tyrkia - Angle 1,5885.790298303,1.0,ROMANIA U16   HEATMAP:  HOME GAME,37,,,,,,,Positional,,,,,,76,13,,,,
Norge - Tyrkia - Angle 1,5988.245079707,1.0,ROMANIA U16   HEATMAP:  HOME GAME,38,,,,,,,Transition,,,,,,41,20,,,,
Norge - Tyrkia - Angle 1,5996.681525995,1.0,ROMANIA U16   HEATMAP:  HOME GAME,39,,,,,,,Positional,,,,,,84,8,,,,
Norge - Tyrkia - Angle 1,6064.630722905,1.0,ROMANIA U16   HEATMAP:  HOME GAME,40,,,,,,,Transition,,,,,,30,61,,,,